﻿,姓名,类别
0,蔡桂芬,A
1,陈姝霞,L
2,Ding Jia Yi,I
3,田文静,D
4,韩玲玉,B
5,赵圆,D
6,吴峻熙,C
7,孟楠,A
8,刘筱君,D
9,王沫若,M
10,赵蕊,H
11,罗婧,A
12,侯力梦,B
13,张卓妍,L
14,陈梦,H
15,张朔,A
16,刘伟,D
17,董宇,B
18,邹飞艳,F
19,樊浩悦,H
20,康雪利,J
21,金蔚薇,D
22,王沙沙,D
23,黄蕊,M
24,王利利,E
25,武静如,B
26,邓帅,I
27,于佳,I
28,崔丽娜,M
29,安雪,B
30,马超,D
31,燕燕,H
32,赖宇辰,K
33,李萌,F
34,贺雪,C
35,李鹤,A
36,王一博,H
37,贾保娟,I
38,陈舒,I
39,张小敏,J
40,蔡娜,J
41,李婕,C
42,孙梦佳,I
43,李洁,K
44,利莉,C
45,利莉,C
46,程瑶,C
47,张瀚文,G
48,刘岩,I
49,沈园,C
50,庄小娇,F
51,李晓,J
52,孙蔷,L
53,全婧,F
54,罗炼,B
55,许淼,H
56,邵申子,B
57,屈静雯,B
58,刘雅雯,J
59,冯琳,K
60,许加玉,K
61,何璇,I
62,宋婉秋,K
63,吴迪,M
64,黎薇,M
