﻿,初步看诊,采血,B超,心电图,看结果,采血3次,胎心监护,糖耐量,留尿
7:00,(I)邓帅/,,,,,,,,
7:30,(A)孟楠/(I)孙梦佳/,,,,,,(I)邓帅/,,
8:00,(B)屈静雯/(F)邹飞艳/,(I)邓帅/(I)孙梦佳/,(A)孟楠/,,,,,,
8:30,(B)邵申子/(C)利莉/(J)李晓/(M)黄蕊/,(B)屈静雯/,,(A)孟楠/,(I)邓帅/,,,,(F)邹飞艳/
9:00,(D)赵圆/(H)樊浩悦/(H)王一博/(I)于佳/,(B)邵申子/(C)利莉/,(J)李晓/,,(B)屈静雯/(F)邹飞艳/,,(M)黄蕊/,,
9:30,(C)沈园/(F)庄小娇/(M)吴迪/,(H)樊浩悦/,(C)利莉/(H)王一博/,,(B)邵申子/(J)李晓/,,(I)于佳/(I)孙梦佳/,(D)赵圆/,
10:00,(I)Ding Jia Yi/(L)张卓妍/,(A)孟楠/,(C)沈园/(H)樊浩悦/(M)吴迪/,,(C)利莉/(I)孙梦佳/,(D)赵圆/,(H)王一博/,,(F)庄小娇/
10:30,(A)罗婧/(C)吴峻熙/(D)刘筱君/(K)许加玉/,(I)Ding Jia Yi/(I)于佳/,,,(A)孟楠/(D)赵圆/(F)庄小娇/,,(L)张卓妍/,,
11:00,(D)马超/(J)刘雅雯/(L)陈姝霞/,(C)吴峻熙/,(M)黄蕊/,(A)罗婧/,(I)于佳/(L)张卓妍/,,(H)樊浩悦/(K)许加玉/,(D)刘筱君/,
11:30,(J)蔡娜/,(C)沈园/,(J)刘雅雯/,,(H)樊浩悦/(K)许加玉/,(D)马超/,(L)陈姝霞/(M)吴迪/,,
13:00,(B)武静如/(H)赵蕊/(J)张小敏/(M)王沫若/,(H)王一博/(M)吴迪/,(A)罗婧/(C)吴峻熙/(J)蔡娜/,,(C)沈园/(J)刘雅雯/(L)陈姝霞/,,(I)Ding Jia Yi/,,
13:30,(C)利莉/(F)全婧/(M)崔丽娜/,(B)武静如/(H)赵蕊/,(J)张小敏/(M)王沫若/,,(C)吴峻熙/(H)王一博/(I)Ding Jia Yi/(J)蔡娜/(M)吴迪/,(D)刘筱君/,,(D)马超/,
14:00,(D)金蔚薇/(G)张瀚文/(H)陈梦/(K)冯琳/(L)孙蔷/,(M)黄蕊/,(C)利莉/,,(B)武静如/(D)刘筱君/(D)马超/(J)张小敏/,,(M)崔丽娜/,,(F)全婧/
14:30,(B)侯力梦/(K)李洁/,(A)罗婧/(H)陈梦/(M)王沫若/(M)崔丽娜/,,(G)张瀚文/,(F)全婧/(M)黄蕊/,(D)金蔚薇/,(K)冯琳/(L)孙蔷/,,
15:00,(D)刘伟/(J)康雪利/,(B)侯力梦/,(M)崔丽娜/,,(A)罗婧/(K)冯琳/(L)孙蔷/,,(K)李洁/(M)王沫若/,(D)金蔚薇/,
15:30,(A)蔡桂芬/(A)张朔/(A)李鹤/(C)程瑶/(H)燕燕/(H)许淼/,(C)利莉/,(H)赵蕊/(J)康雪利/,,(B)侯力梦/(D)金蔚薇/(K)李洁/(M)王沫若/(M)崔丽娜/,,,(D)刘伟/,
16:00,(I)陈舒/,(A)李鹤/(C)程瑶/(G)张瀚文/(H)许淼/,(A)蔡桂芬/(H)陈梦/,(A)张朔/,(C)利莉/(J)康雪利/,,(H)赵蕊/(H)燕燕/,,
16:30,(D)王沙沙/,(I)陈舒/,(C)程瑶/,,(G)张瀚文/(H)赵蕊/,,,,
17:00,(B)罗炼/(C)贺雪/,(A)蔡桂芬/,(H)许淼/,,(C)程瑶/,(D)王沙沙/,(H)陈梦/,,
17:30,(D)田文静/(I)刘岩/,(B)罗炼/,(C)贺雪/,,(H)陈梦/,(D)刘伟/,(H)许淼/(I)陈舒/,,
18:00,(B)安雪/(I)贾保娟/(I)何璇/(M)黎薇/,(A)张朔/(C)贺雪/,(H)燕燕/,,(B)罗炼/(D)刘伟/(H)许淼/(I)陈舒/,(D)田文静/,(I)刘岩/,(D)王沙沙/,
18:30,(F)李萌/(K)宋婉秋/,(B)安雪/(I)贾保娟/,(A)张朔/(M)黎薇/,(A)李鹤/,(C)贺雪/(D)王沙沙/,,(I)何璇/,,
19:00,(B)韩玲玉/(C)李婕/,(H)燕燕/(M)黎薇/,(A)李鹤/,,(A)张朔/(B)安雪/,,(K)宋婉秋/,,(F)李萌/
19:30,(B)董宇/(E)王利利/(K)赖宇辰/,(B)韩玲玉/,(C)李婕/,(A)蔡桂芬/,(A)李鹤/(F)李萌/(H)燕燕/(K)宋婉秋/,,(I)贾保娟/,(D)田文静/,
20:00,,(B)董宇/(C)李婕/(E)王利利/,,,(A)蔡桂芬/(B)韩玲玉/(D)田文静/(I)贾保娟/,,(K)赖宇辰/(M)黎薇/,,
20:30,,(I)刘岩/(I)何璇/,(E)王利利/,,(B)董宇/(C)李婕/(K)赖宇辰/(M)黎薇/,,,,
21:00,,,,,(E)王利利/(I)刘岩/(I)何璇/,,,,
