﻿,初步看诊,采血,B超,心电图,看结果,采血3次,胎心监护,糖耐量,留尿
7:00,(F)庄小娇/(I)贾保娟/,,,,,,,,
7:30,(D)王沙沙/(D)马超/(L)孙蔷/(M)黄蕊/,,,,,,(I)贾保娟/,,(F)庄小娇/
8:00,(A)蔡桂芬/(B)侯力梦/(D)刘伟/(I)何璇/,(I)贾保娟/,(M)黄蕊/,,(F)庄小娇/,(D)王沙沙/,(L)孙蔷/,(D)马超/,
8:30,(D)刘筱君/(F)全婧/(M)黎薇/,(B)侯力梦/,(A)蔡桂芬/,,(I)贾保娟/(L)孙蔷/,(D)刘伟/,(I)何璇/,,
9:00,(C)贺雪/(H)王一博/(K)许加玉/,(M)黎薇/,,,(B)侯力梦/,(D)刘筱君/,,(D)王沙沙/,(F)全婧/
9:30,(A)李鹤/(B)邵申子/(C)吴峻熙/(C)利莉/(D)赵圆/(E)王利利/,(C)贺雪/,(M)黎薇/,,(D)王沙沙/(F)全婧/,,(H)王一博/(K)许加玉/,,
10:00,(B)董宇/(C)程瑶/(G)张瀚文/(H)赵蕊/(K)冯琳/(M)吴迪/,(A)蔡桂芬/(B)邵申子/(C)利莉/(I)何璇/,(C)吴峻熙/(C)贺雪/(E)王利利/,(A)李鹤/,(K)许加玉/,(D)赵圆/,(M)黄蕊/,(D)刘筱君/,
10:30,,(B)董宇/(M)黄蕊/(M)吴迪/,(C)程瑶/,(G)张瀚文/,(B)邵申子/(C)贺雪/(D)刘筱君/(I)何璇/,(D)马超/,(H)赵蕊/(K)冯琳/(M)黎薇/,(D)刘伟/,
11:00,(K)李洁/,(C)吴峻熙/,,(A)蔡桂芬/,(B)董宇/(D)刘伟/(D)马超/(K)冯琳/(M)黄蕊/(M)黎薇/,,,,
11:30,(C)李婕/(D)田文静/(J)康雪利/,(C)程瑶/,(A)李鹤/,,(A)蔡桂芬/(C)吴峻熙/,,(K)李洁/,(D)赵圆/,
13:00,(B)武静如/(C)沈园/,(A)李鹤/(G)张瀚文/,(C)李婕/(H)赵蕊/(H)王一博/(J)康雪利/(M)吴迪/,,(C)程瑶/(D)赵圆/(K)李洁/,(D)田文静/,,,
13:30,(I)刘岩/(J)张小敏/,(B)武静如/(E)王利利/,(C)沈园/,,(A)李鹤/(G)张瀚文/(J)康雪利/,,,,
14:00,(H)燕燕/,(H)赵蕊/(I)刘岩/,(J)张小敏/,,(B)武静如/(E)王利利/,,(M)吴迪/,,
14:30,(A)孟楠/(F)李萌/(H)许淼/(I)于佳/(I)孙梦佳/(J)刘雅雯/(M)王沫若/,(H)燕燕/(H)王一博/,(C)利莉/,,(H)赵蕊/(J)张小敏/(M)吴迪/,,,(D)田文静/,
15:00,(A)张朔/(H)陈梦/(I)陈舒/,(C)李婕/(I)于佳/,(J)刘雅雯/(M)王沫若/,(A)孟楠/,(C)利莉/(D)田文静/(H)王一博/,,(H)许淼/(I)孙梦佳/,,(F)李萌/
15:30,(A)罗婧/(B)罗炼/(B)屈静雯/(I)邓帅/(M)崔丽娜/,(C)沈园/,(H)陈梦/,(A)张朔/,(C)李婕/(F)李萌/(J)刘雅雯/,,(I)于佳/(I)陈舒/,,
16:00,,(B)罗炼/(B)屈静雯/(I)邓帅/,(M)崔丽娜/,(A)罗婧/,(C)沈园/(I)于佳/,,(I)刘岩/(M)王沫若/,,
16:30,(H)樊浩悦/(J)蔡娜/(K)赖宇辰/(K)宋婉秋/,(I)陈舒/,(H)燕燕/(H)许淼/,,(B)罗炼/(B)屈静雯/(I)刘岩/,,,,
17:00,(F)邹飞艳/(I)Ding Jia Yi/,(I)孙梦佳/(M)王沫若/(M)崔丽娜/,(A)张朔/(J)蔡娜/,,(I)陈舒/,,(H)陈梦/(H)樊浩悦/(K)赖宇辰/(K)宋婉秋/,,
17:30,(C)利莉/,(H)许淼/,(H)樊浩悦/,,(I)孙梦佳/(J)蔡娜/(K)赖宇辰/(K)宋婉秋/(M)王沫若/,,(I)Ding Jia Yi/,,(F)邹飞艳/
18:00,(D)金蔚薇/,(H)陈梦/,(A)罗婧/(C)利莉/,,(F)邹飞艳/(H)许淼/,,(I)邓帅/(M)崔丽娜/,,
18:30,,(A)张朔/(I)Ding Jia Yi/,(A)孟楠/,,(H)陈梦/(I)邓帅/(M)崔丽娜/,(D)金蔚薇/,(H)燕燕/,,
19:00,(L)陈姝霞/,(A)罗婧/,,,(A)张朔/(H)燕燕/(I)Ding Jia Yi/,,,,
19:30,(J)李晓/(L)张卓妍/,(C)利莉/,,,(A)罗婧/,,(L)陈姝霞/,,
20:00,(B)韩玲玉/(B)安雪/,(H)樊浩悦/,(J)李晓/,,(C)利莉/(L)陈姝霞/,,(L)张卓妍/,(D)金蔚薇/,
20:30,,(A)孟楠/(B)韩玲玉/(B)安雪/,,,(D)金蔚薇/(H)樊浩悦/(J)李晓/(L)张卓妍/,,,,
21:00,,,,,(A)孟楠/(B)韩玲玉/(B)安雪/,,,,
