﻿,初步看诊,采血,B超,心电图,看结果,采血3次,胎心监护,糖耐量,留尿
7:00,(A)罗婧/(M)崔丽娜/,,,,,,,,
7:30,(B)邵申子/(C)吴峻熙/(C)利莉/(I)何璇/(J)李晓/,,(A)罗婧/(M)崔丽娜/,,,,,,
8:00,(D)赵圆/(D)刘筱君/(J)刘雅雯/,(B)邵申子/(M)崔丽娜/,(C)吴峻熙/(C)利莉/(J)李晓/,,,,(I)何璇/,,
8:30,(D)田文静/(E)王利利/(J)康雪利/,(C)吴峻熙/(C)利莉/(I)何璇/,(J)刘雅雯/,,(B)邵申子/(J)李晓/,(D)赵圆/(D)刘筱君/,(M)崔丽娜/,,
9:00,(A)蔡桂芬/(A)李鹤/(D)王沙沙/(H)陈梦/(I)Ding Jia Yi/(I)孙梦佳/(J)张小敏/(J)蔡娜/,(E)王利利/,(J)康雪利/,,(C)吴峻熙/(C)利莉/(I)何璇/(J)刘雅雯/(M)崔丽娜/,(D)田文静/,,(D)赵圆/(D)刘筱君/,
9:30,(B)董宇/(B)罗炼/(D)马超/(F)邹飞艳/(G)张瀚文/(K)赖宇辰/(L)张卓妍/,(H)陈梦/(I)Ding Jia Yi/,(A)蔡桂芬/(E)王利利/(J)张小敏/(J)蔡娜/,(A)罗婧/(A)李鹤/,(D)赵圆/(D)刘筱君/(J)康雪利/,(D)王沙沙/,(I)孙梦佳/,(D)田文静/,
10:00,(F)庄小娇/(F)全婧/(H)樊浩悦/(H)王一博/,(B)董宇/(B)罗炼/(I)孙梦佳/,(H)陈梦/,(A)蔡桂芬/(G)张瀚文/,(D)田文静/(E)王利利/(J)张小敏/(J)蔡娜/,(D)马超/,(I)Ding Jia Yi/(K)赖宇辰/(L)张卓妍/,(D)王沙沙/,(F)邹飞艳/
10:30,(A)张朔/(B)韩玲玉/(H)燕燕/(M)吴迪/,(H)王一博/,(A)李鹤/(H)樊浩悦/,,(B)董宇/(B)罗炼/(D)王沙沙/(F)邹飞艳/(I)Ding Jia Yi/(I)孙梦佳/(K)赖宇辰/(L)张卓妍/,,(H)陈梦/,(D)马超/,(F)庄小娇/(F)全婧/
11:00,(C)李婕/(C)利莉/(C)程瑶/(D)金蔚薇/,(A)罗婧/(A)张朔/(A)李鹤/(B)韩玲玉/(G)张瀚文/(H)樊浩悦/,,,(D)马超/(F)庄小娇/(F)全婧/(H)陈梦/,,(H)燕燕/(H)王一博/(M)吴迪/,,
11:30,(C)沈园/(D)刘伟/(H)许淼/(I)于佳/(K)李洁/,(C)李婕/(C)利莉/(C)程瑶/,(H)王一博/(M)吴迪/,(A)张朔/,(A)罗婧/(A)李鹤/(B)韩玲玉/(G)张瀚文/,,(H)樊浩悦/,(D)金蔚薇/,
12:00,(B)侯力梦/(H)赵蕊/(I)刘岩/,(H)许淼/(I)于佳/(M)吴迪/,(A)张朔/(C)李婕/(C)利莉/(C)沈园/(H)燕燕/,,(H)樊浩悦/(H)王一博/,(D)金蔚薇/,(K)李洁/,(D)刘伟/,
12:30,(B)安雪/(C)贺雪/(K)宋婉秋/(L)陈姝霞/,(A)蔡桂芬/(B)侯力梦/(C)沈园/(H)赵蕊/(H)燕燕/,(C)程瑶/(H)许淼/,,(A)张朔/(C)李婕/(C)利莉/(D)金蔚薇/(K)李洁/(M)吴迪/,(D)刘伟/,(I)于佳/(I)刘岩/,,
13:00,(I)陈舒/(M)黎薇/,(B)安雪/(I)刘岩/,(C)贺雪/(H)赵蕊/,,(A)蔡桂芬/(B)侯力梦/(C)程瑶/(C)沈园/(D)刘伟/(H)燕燕/(I)于佳/,,(K)宋婉秋/(L)陈姝霞/,,
13:30,,(C)贺雪/,,,(B)安雪/(I)刘岩/(K)宋婉秋/(L)陈姝霞/,,(H)赵蕊/(I)陈舒/(M)黎薇/,,
14:00,(A)孟楠/(B)武静如/(F)李萌/(I)贾保娟/,(I)陈舒/(M)黎薇/,,,(C)贺雪/(H)赵蕊/,,(H)许淼/,,
14:30,(K)冯琳/(K)许加玉/(M)黄蕊/,(B)武静如/(I)贾保娟/,(A)孟楠/(M)黎薇/,,(H)许淼/(I)陈舒/,,,,(F)李萌/
15:00,(B)屈静雯/(I)邓帅/,(M)黄蕊/,,(A)孟楠/,(B)武静如/(F)李萌/(M)黎薇/,,(I)贾保娟/(K)冯琳/(K)许加玉/,,
15:30,(M)王沫若/,(A)孟楠/(B)屈静雯/,(M)黄蕊/,,(I)贾保娟/(K)冯琳/(K)许加玉/,,(I)邓帅/,,
16:00,,(I)邓帅/,(M)王沫若/,,(A)孟楠/(B)屈静雯/,,(M)黄蕊/,,
16:30,,,,,(I)邓帅/(M)黄蕊/,,(M)王沫若/,,
17:00,,,,,,,,,
17:30,,(M)王沫若/,,,,,,,
18:00,,,,,(M)王沫若/,,,,
18:30,,,,,,,,,
19:00,(L)孙蔷/,,,,,,,,
19:30,,,,,,,(L)孙蔷/,,
20:00,,,,,(L)孙蔷/,,,,
20:30,,,,,,,,,
21:00,,,,,,,,,
