﻿,初步看诊,采血,B超,心电图,看结果,采血3次,胎心监护,糖耐量,留尿
7:00,(H)陈梦/(M)黎薇/,,,,,,,,
7:30,(A)张朔/(C)李婕/(C)利莉/(C)沈园/(F)全婧/(H)王一博/(H)许淼/(J)李晓/(K)赖宇辰/(M)吴迪/,,(H)陈梦/,,,,(M)黎薇/,,
8:00,(A)李鹤/(B)罗炼/(D)赵圆/(I)陈舒/(M)黄蕊/,(C)沈园/(H)陈梦/,(C)李婕/(C)利莉/(H)许淼/(J)李晓/,(A)张朔/,,,(H)王一博/(K)赖宇辰/(M)吴迪/,,(F)全婧/
8:30,(B)邵申子/(D)刘筱君/(H)燕燕/(J)张小敏/(K)冯琳/,(A)李鹤/(B)罗炼/(C)利莉/(I)陈舒/(M)黄蕊/(M)吴迪/,(M)黎薇/,,(F)全婧/(J)李晓/(K)赖宇辰/,,,(D)赵圆/,
9:00,(A)孟楠/(F)邹飞艳/(F)庄小娇/(I)何璇/,(B)邵申子/,(A)张朔/(H)燕燕/(J)张小敏/,,(B)罗炼/(C)利莉/,,(I)陈舒/(K)冯琳/(M)黄蕊/,(D)刘筱君/,
9:30,(A)蔡桂芬/(D)马超/(K)许加玉/(L)孙蔷/,(C)李婕/,(A)孟楠/(A)李鹤/(C)沈园/,,(B)邵申子/(I)陈舒/(J)张小敏/(K)冯琳/,(D)赵圆/,(H)燕燕/(I)何璇/,,(F)邹飞艳/(F)庄小娇/
10:00,(A)罗婧/(C)利莉/(L)陈姝霞/,(A)张朔/(M)黎薇/,(H)王一博/(M)黄蕊/(M)吴迪/,(A)蔡桂芬/(A)孟楠/,(C)李婕/(C)沈园/(D)赵圆/(F)邹飞艳/(F)庄小娇/,(D)刘筱君/,(H)陈梦/(K)许加玉/(L)孙蔷/,(D)马超/,
10:30,(B)董宇/(C)吴峻熙/(E)王利利/(H)赵蕊/(H)樊浩悦/,(A)孟楠/(A)罗婧/(H)燕燕/(H)王一博/(I)何璇/,(C)利莉/,,(A)张朔/(D)刘筱君/(H)陈梦/(K)许加玉/(L)孙蔷/(M)黄蕊/(M)吴迪/(M)黎薇/,,(L)陈姝霞/,,
11:00,(B)韩玲玉/(D)田文静/(D)刘伟/(D)金蔚薇/(D)王沙沙/(G)张瀚文/(I)于佳/(I)贾保娟/(I)刘岩/(L)张卓妍/,(B)董宇/(E)王利利/(H)赵蕊/,(C)吴峻熙/,(A)李鹤/,(A)孟楠/(H)燕燕/(H)王一博/(I)何璇/(L)陈姝霞/,,(H)樊浩悦/,,
11:30,(B)安雪/(B)屈静雯/(C)程瑶/(K)李洁/(M)崔丽娜/,(B)韩玲玉/(C)吴峻熙/(C)利莉/(G)张瀚文/(H)樊浩悦/(I)于佳/(I)贾保娟/(I)刘岩/,(A)蔡桂芬/,,(A)李鹤/(B)董宇/,(D)金蔚薇/,(L)张卓妍/,(D)田文静/(D)刘伟/(D)王沙沙/,
12:00,,(B)安雪/(B)屈静雯/,(A)罗婧/(C)程瑶/(E)王利利/,(G)张瀚文/,(B)韩玲玉/(C)吴峻熙/(C)利莉/(L)张卓妍/,(D)田文静/(D)刘伟/,(H)许淼/(I)贾保娟/(K)李洁/(M)崔丽娜/,(D)金蔚薇/,
12:30,,(A)蔡桂芬/,(H)赵蕊/(M)崔丽娜/,,(B)安雪/(B)屈静雯/(D)田文静/(D)刘伟/(D)金蔚薇/(E)王利利/(G)张瀚文/(I)贾保娟/(K)李洁/,(D)王沙沙/,(I)刘岩/,,
13:00,(B)侯力梦/(C)贺雪/,(C)程瑶/,(H)樊浩悦/,(A)罗婧/,(A)蔡桂芬/(D)王沙沙/(I)刘岩/,,(I)于佳/,,
13:30,(B)武静如/(F)李萌/(K)宋婉秋/,(B)侯力梦/(C)贺雪/,,,(A)罗婧/(C)程瑶/(H)樊浩悦/(I)于佳/,(D)马超/,(H)赵蕊/,,
14:00,(I)Ding Jia Yi/,(B)武静如/(H)许淼/(M)崔丽娜/,(C)贺雪/,,(B)侯力梦/(D)马超/(H)赵蕊/,,(K)宋婉秋/,,(F)李萌/
14:30,(I)邓帅/(I)孙梦佳/(J)蔡娜/(J)刘雅雯/(M)王沫若/,,,,(B)武静如/(C)贺雪/(F)李萌/(H)许淼/(K)宋婉秋/(M)崔丽娜/,,(I)Ding Jia Yi/,,
15:00,,(I)Ding Jia Yi/(I)邓帅/(I)孙梦佳/(M)王沫若/,(J)蔡娜/(J)刘雅雯/,,,,,,
15:30,(J)康雪利/,,,,(I)Ding Jia Yi/(J)蔡娜/(J)刘雅雯/,,(M)王沫若/,,
16:00,,,(J)康雪利/,,,,,,
16:30,,,(M)王沫若/,,(J)康雪利/,,,,
17:00,,,,,(M)王沫若/,,,,
17:30,,,,,,,(I)邓帅/(I)孙梦佳/,,
18:00,,,,,(I)邓帅/(I)孙梦佳/,,,,
18:30,,,,,,,,,
19:00,,,,,,,,,
19:30,,,,,,,,,
20:00,,,,,,,,,
20:30,,,,,,,,,
21:00,,,,,,,,,
