﻿,初步看诊,采血,B超,心电图,看结果,采血3次,胎心监护,糖耐量,留尿
7:00,(G)张瀚文/(H)王一博/,,,,,,,,
7:30,(C)吴峻熙/(K)宋婉秋/,(G)张瀚文/(H)王一博/,,,,,,,
8:00,(A)李鹤/(H)陈梦/(I)邓帅/(I)贾保娟/,,(C)吴峻熙/,(G)张瀚文/,,,(H)王一博/(K)宋婉秋/,,
8:30,(A)张朔/(B)罗炼/(D)赵圆/(D)刘筱君/(D)刘伟/(E)王利利/(I)刘岩/(L)孙蔷/,(C)吴峻熙/(I)邓帅/,(A)李鹤/(H)陈梦/(H)王一博/,,(G)张瀚文/(K)宋婉秋/,,(I)贾保娟/,,
9:00,(B)董宇/(D)王沙沙/(M)黄蕊/,(A)张朔/(A)李鹤/(B)罗炼/(I)贾保娟/(I)刘岩/,(E)王利利/,,(C)吴峻熙/(H)王一博/,(D)赵圆/(D)刘筱君/(D)刘伟/,(H)陈梦/(I)邓帅/(L)孙蔷/,,
9:30,(A)孟楠/(C)李婕/(J)康雪利/(K)李洁/(M)吴迪/(M)黎薇/,(B)董宇/(E)王利利/(H)陈梦/,(M)黄蕊/,(A)张朔/(A)李鹤/,(B)罗炼/(I)邓帅/(I)贾保娟/(L)孙蔷/,,(I)刘岩/,(D)赵圆/(D)刘筱君/(D)刘伟/(D)王沙沙/,
10:00,(C)利莉/(C)程瑶/(D)金蔚薇/(H)樊浩悦/(H)燕燕/(M)王沫若/,,(A)张朔/(C)李婕/(J)康雪利/(M)吴迪/,(A)孟楠/,(A)李鹤/(B)董宇/(D)赵圆/(D)刘筱君/(D)刘伟/(E)王利利/(H)陈梦/(I)刘岩/,(D)王沙沙/,(K)李洁/(M)黎薇/,,
10:30,(C)沈园/(F)李萌/(H)许淼/(I)于佳/,(C)李婕/(C)利莉/(H)樊浩悦/(H)燕燕/(M)黎薇/,(A)孟楠/(C)程瑶/,,(A)张朔/(D)王沙沙/(J)康雪利/(K)李洁/,(D)金蔚薇/,(M)王沫若/(M)黄蕊/(M)吴迪/,,
11:00,(B)侯力梦/(C)贺雪/(D)马超/(F)庄小娇/(M)崔丽娜/,(A)孟楠/(C)程瑶/(C)沈园/(I)于佳/(M)王沫若/(M)黄蕊/,(C)利莉/(H)燕燕/(H)许淼/(M)黎薇/,,(C)李婕/,,(H)樊浩悦/,(D)金蔚薇/,(F)李萌/
11:30,(B)武静如/,(B)侯力梦/(C)贺雪/(H)许淼/(M)吴迪/,(M)崔丽娜/,,(A)孟楠/(C)利莉/(C)程瑶/(D)金蔚薇/(F)李萌/(M)黄蕊/(M)黎薇/,,(H)燕燕/(I)于佳/,(D)马超/,(F)庄小娇/
12:00,(A)罗婧/(I)陈舒/(I)孙梦佳/(I)何璇/(K)冯琳/,(B)武静如/,(C)贺雪/(H)樊浩悦/(M)王沫若/,,(B)侯力梦/(F)庄小娇/(H)燕燕/(I)于佳/(M)吴迪/,(D)马超/,(H)许淼/,,
12:30,(B)安雪/(F)全婧/(I)Ding Jia Yi/(J)蔡娜/,(I)陈舒/,(C)沈园/,(A)罗婧/,(B)武静如/(C)贺雪/(D)马超/(H)樊浩悦/(H)许淼/(M)王沫若/,,(I)孙梦佳/(I)何璇/(K)冯琳/(M)崔丽娜/,,
13:00,(F)邹飞艳/(J)刘雅雯/,(A)罗婧/(B)安雪/(I)Ding Jia Yi/(I)何璇/(M)崔丽娜/,(J)蔡娜/,,(C)沈园/(K)冯琳/,,(I)陈舒/,,(F)全婧/
13:30,(L)陈姝霞/,(I)孙梦佳/,(A)罗婧/(J)刘雅雯/,,(B)安雪/(F)全婧/(I)陈舒/(I)何璇/(J)蔡娜/(M)崔丽娜/,,(I)Ding Jia Yi/,,(F)邹飞艳/
14:00,(B)韩玲玉/(D)田文静/(K)许加玉/,,,,(A)罗婧/(F)邹飞艳/(I)Ding Jia Yi/(I)孙梦佳/(J)刘雅雯/,,(L)陈姝霞/,,
14:30,,(B)韩玲玉/,,,(L)陈姝霞/,,(K)许加玉/,(D)田文静/,
15:00,(B)屈静雯/(J)李晓/(K)赖宇辰/,,,,(B)韩玲玉/(K)许加玉/,(D)田文静/,,,
15:30,,(B)屈静雯/,(J)李晓/,,(D)田文静/,,(K)赖宇辰/,,
16:00,(C)利莉/,,,,(B)屈静雯/(J)李晓/(K)赖宇辰/,,,,
16:30,,,(C)利莉/,,,,,,
17:00,,(C)利莉/,,,,,,,
17:30,(B)邵申子/,,,,(C)利莉/,,,,
18:00,(A)蔡桂芬/(H)赵蕊/,(B)邵申子/,,,,,,,
18:30,,(A)蔡桂芬/,(H)赵蕊/,,(B)邵申子/,,,,
19:00,,,(A)蔡桂芬/,,,,(H)赵蕊/,,
19:30,(J)张小敏/(L)张卓妍/,(H)赵蕊/,,(A)蔡桂芬/,,,,,
20:00,,,(J)张小敏/,,(A)蔡桂芬/(H)赵蕊/,,(L)张卓妍/,,
20:30,,,,,(J)张小敏/(L)张卓妍/,,,,
21:00,,,,,,,,,
