﻿,初步看诊,采血,B超,心电图,看结果,采血3次,胎心监护,糖耐量,留尿
7:00,,,,,,,,,
7:30,(A)孟楠A/(B)董宇B/(C)李婕C/(F)李萌F/(M)黄蕊M/,,,,,,,,
8:00,(B)屈静雯B/(D)马超D/(J)张小敏J/(L)孙蔷L/,(B)董宇B/(C)李婕C/(M)黄蕊M/,,(A)孟楠A/,,,,,(F)李萌F/
8:30,(A)蔡桂芬A/(A)李鹤A/(B)侯力梦B/(H)赵蕊H/,(A)孟楠A/(B)屈静雯B/,(C)李婕C/(J)张小敏J/,,(B)董宇B/(F)李萌F/,(D)马超D/,(L)孙蔷L/,,
9:00,(B)韩玲玉B/(F)邹飞艳F/(F)庄小娇F/(H)陈梦H/(H)许淼H/(J)蔡娜J/(K)赖宇辰K/(K)许加玉K/(K)宋婉秋K/(L)陈姝霞L/,(A)李鹤A/(B)侯力梦B/(H)赵蕊H/,(A)孟楠A/,(A)蔡桂芬A/,(B)屈静雯B/(C)李婕C/(J)张小敏J/(L)孙蔷L/,,,(D)马超D/,
9:30,(D)王沙沙D/(H)樊浩悦H/,(B)韩玲玉B/(H)陈梦H/(H)许淼H/,(A)蔡桂芬A/(J)蔡娜J/,(A)李鹤A/,(A)孟楠A/(B)侯力梦B/(D)马超D/,,(H)赵蕊H/(K)赖宇辰K/(K)许加玉K/(K)宋婉秋K/(L)陈姝霞L/,,(F)邹飞艳F/(F)庄小娇F/
10:00,(C)程瑶C/(I)于佳I/(I)陈舒I/(M)黎薇M/,(A)蔡桂芬A/(H)樊浩悦H/,(H)赵蕊H/(H)陈梦H/,,(B)韩玲玉B/(F)邹飞艳F/(F)庄小娇F/(J)蔡娜J/(K)赖宇辰K/(K)许加玉K/(K)宋婉秋K/(L)陈姝霞L/,,(H)许淼H/,(D)王沙沙D/,
10:30,(B)罗炼B/(D)刘筱君D/(D)金蔚薇D/(I)Ding Jia YiI/(I)孙梦佳I/(M)王沫若M/,(C)程瑶C/(I)于佳I/(I)陈舒I/(M)黎薇M/,(A)李鹤A/(H)许淼H/,,(A)蔡桂芬A/(H)赵蕊H/,(D)王沙沙D/,(H)陈梦H/(H)樊浩悦H/(M)黄蕊M/,,
11:00,(A)张朔A/(C)贺雪C/(C)利莉C/(C)沈园C/(D)田文静D/(I)邓帅I/(I)贾保娟I/(K)李洁K/,(B)罗炼B/(I)Ding Jia YiI/(I)孙梦佳I/(M)王沫若M/,(C)程瑶C/(H)樊浩悦H/,,(A)李鹤A/(D)王沙沙D/(H)陈梦H/(H)许淼H/,(D)金蔚薇D/,(I)于佳I/(I)陈舒I/(M)黎薇M/,(D)刘筱君D/,
11:30,(B)安雪B/(D)刘伟D/(E)王利利E/(M)崔丽娜M/,(C)贺雪C/(C)沈园C/(I)邓帅I/,(C)利莉C/(M)黄蕊M/(M)黎薇M/,(A)张朔A/,(B)罗炼B/(C)程瑶C/(H)樊浩悦H/(I)于佳I/(I)陈舒I/,(D)刘筱君D/,(I)Ding Jia YiI/(I)贾保娟I/(I)孙梦佳I/(K)李洁K/(M)王沫若M/,(D)田文静D/(D)金蔚薇D/,
12:00,(C)利莉C/(M)吴迪M/,(B)安雪B/(C)利莉C/(E)王利利E/(I)贾保娟I/,(A)张朔A/(C)贺雪C/(C)沈园C/(M)王沫若M/(M)崔丽娜M/,,(D)刘筱君D/(D)金蔚薇D/(I)Ding Jia YiI/(I)孙梦佳I/(K)李洁K/(M)黄蕊M/(M)黎薇M/,(D)田文静D/(D)刘伟D/,(I)邓帅I/,,
12:30,(A)罗婧A/(I)何璇I/,(A)张朔A/(C)利莉C/(M)崔丽娜M/(M)吴迪M/,(E)王利利E/,,(B)安雪B/(C)贺雪C/(C)利莉C/(C)沈园C/(D)田文静D/(I)邓帅I/(I)贾保娟I/(M)王沫若M/,,,(D)刘伟D/,
13:00,(H)王一博H/(J)康雪利J/,(A)罗婧A/(I)何璇I/,(C)利莉C/(M)吴迪M/,,(A)张朔A/(D)刘伟D/(E)王利利E/,,(M)崔丽娜M/,,
13:30,(B)武静如B/(H)燕燕H/,,(H)王一博H/(J)康雪利J/,,(C)利莉C/(M)崔丽娜M/,,(I)何璇I/(M)吴迪M/,,
14:00,(B)邵申子B/(J)李晓J/(L)张卓妍L/,(B)武静如B/(H)王一博H/,(H)燕燕H/,,(I)何璇I/(J)康雪利J/(M)吴迪M/,,,,
14:30,(C)吴峻熙C/,(B)邵申子B/,(J)李晓J/,,(B)武静如B/,,(H)王一博H/(L)张卓妍L/,,
15:00,(I)刘岩I/,(C)吴峻熙C/(H)燕燕H/,,,(B)邵申子B/(H)王一博H/(J)李晓J/(L)张卓妍L/,,,,
15:30,(F)全婧F/(J)刘雅雯J/,(I)刘岩I/,(C)吴峻熙C/,(A)罗婧A/,,,(H)燕燕H/,,
16:00,,,(J)刘雅雯J/,,(C)吴峻熙C/(H)燕燕H/,,(I)刘岩I/,,(F)全婧F/
16:30,,,(A)罗婧A/,,(F)全婧F/(I)刘岩I/(J)刘雅雯J/,,,,
17:00,(D)赵圆D/,,,,(A)罗婧A/,,,,
17:30,(G)张瀚文G/,,,,,,,(D)赵圆D/,
18:00,,,,(G)张瀚文G/,,(D)赵圆D/,,,
18:30,,(G)张瀚文G/,,,(D)赵圆D/,,,,
19:00,,,,,(G)张瀚文G/,,,,
19:30,(K)冯琳K/,,,,,,,,
20:00,,,,,,,(K)冯琳K/,,
20:30,,,,,(K)冯琳K/,,,,
21:00,,,,,,,,,
