﻿,初步看诊,采血,B超,心电图,看结果,采血3次,胎心监护,糖耐量,留尿
7:00,(H)王一博/(K)许加玉/,,,,,,,,
7:30,(A)李鹤/(I)刘岩/(K)李洁/(M)吴迪/,,(H)王一博/,,,,(K)许加玉/,,
8:00,(B)屈静雯/(C)沈园/,,,(A)李鹤/,(K)许加玉/,,(H)王一博/(I)刘岩/(K)李洁/(M)吴迪/,,
8:30,(A)罗婧/(C)贺雪/(H)赵蕊/(I)陈舒/(M)王沫若/,(B)屈静雯/(H)王一博/(I)刘岩/,(A)李鹤/(C)沈园/,,(K)李洁/,,,,
9:00,(A)蔡桂芬/(B)董宇/(D)金蔚薇/(H)陈梦/(I)邓帅/(I)何璇/(J)张小敏/(M)黄蕊/(M)崔丽娜/,(A)李鹤/(C)沈园/(H)赵蕊/(M)吴迪/,(C)贺雪/(M)王沫若/,(A)罗婧/,(B)屈静雯/(H)王一博/(I)刘岩/,,(I)陈舒/,,
9:30,(B)武静如/(C)程瑶/(D)田文静/,(A)蔡桂芬/(A)罗婧/(B)董宇/(C)贺雪/(H)陈梦/(I)陈舒/(M)崔丽娜/,(J)张小敏/(M)吴迪/,,(A)李鹤/(C)沈园/,,(I)邓帅/(I)何璇/(M)王沫若/(M)黄蕊/,(D)金蔚薇/,
10:00,(A)孟楠/(B)罗炼/(C)利莉/(D)刘筱君/(D)刘伟/(D)马超/(F)庄小娇/(G)张瀚文/(I)孙梦佳/,(B)武静如/(I)邓帅/(I)何璇/(M)王沫若/,(A)罗婧/(C)程瑶/(M)黄蕊/,(A)蔡桂芬/,(B)董宇/(C)贺雪/(I)陈舒/(J)张小敏/(M)吴迪/,(D)金蔚薇/,(H)陈梦/(M)崔丽娜/,(D)田文静/,
10:30,(D)赵圆/(M)黎薇/,(A)孟楠/(B)罗炼/(C)程瑶/(G)张瀚文/(I)孙梦佳/(M)黄蕊/,(A)蔡桂芬/(C)利莉/(H)陈梦/(M)崔丽娜/,,(A)罗婧/(B)武静如/(D)金蔚薇/(I)邓帅/(I)何璇/(M)王沫若/,(D)田文静/(D)马超/,,(D)刘筱君/(D)刘伟/,(F)庄小娇/
11:00,(B)侯力梦/(B)安雪/(C)利莉/(E)王利利/(H)许淼/(I)Ding Jia Yi/(K)冯琳/(L)陈姝霞/,(C)利莉/(M)黎薇/,(A)孟楠/(H)赵蕊/,(G)张瀚文/,(A)蔡桂芬/(B)罗炼/(C)程瑶/(D)田文静/(F)庄小娇/(H)陈梦/(M)黄蕊/(M)崔丽娜/,(D)刘筱君/(D)刘伟/,(I)孙梦佳/,(D)赵圆/(D)马超/,
11:30,(A)张朔/(C)李婕/(D)王沙沙/(K)赖宇辰/,(B)侯力梦/(B)安雪/(C)利莉/(E)王利利/(I)Ding Jia Yi/,,(A)孟楠/,(C)利莉/(D)刘筱君/(D)刘伟/(D)马超/(G)张瀚文/(I)孙梦佳/,(D)赵圆/,(H)赵蕊/(H)许淼/(K)冯琳/(L)陈姝霞/(M)黎薇/,,
12:00,(C)吴峻熙/(J)李晓/,(H)许淼/,(C)李婕/(C)利莉/(E)王利利/(M)黎薇/,(A)张朔/,(A)孟楠/(B)侯力梦/(B)安雪/(D)赵圆/(H)赵蕊/(K)冯琳/(L)陈姝霞/,,(I)Ding Jia Yi/(K)赖宇辰/,(D)王沙沙/,
12:30,(F)李萌/,(A)张朔/(C)李婕/,(C)吴峻熙/(H)许淼/(J)李晓/,,(C)利莉/(E)王利利/(I)Ding Jia Yi/(K)赖宇辰/(M)黎薇/,(D)王沙沙/,,,
13:00,(B)韩玲玉/,(C)吴峻熙/,(A)张朔/,,(C)李婕/(D)王沙沙/(H)许淼/(J)李晓/,,,,(F)李萌/
13:30,(B)邵申子/(F)邹飞艳/(J)蔡娜/,(B)韩玲玉/,,,(A)张朔/(C)吴峻熙/(F)李萌/,,,,
14:00,(H)燕燕/(I)于佳/,(B)邵申子/,(J)蔡娜/,,(B)韩玲玉/,,,,(F)邹飞艳/
14:30,(K)宋婉秋/(L)孙蔷/,,,,(B)邵申子/(F)邹飞艳/(J)蔡娜/,,(H)燕燕/(I)于佳/,,
15:00,(H)樊浩悦/,(H)燕燕/(I)于佳/,,,,,(K)宋婉秋/(L)孙蔷/,,
15:30,,(H)樊浩悦/,(H)燕燕/,,(I)于佳/(K)宋婉秋/(L)孙蔷/,,,,
16:00,(I)贾保娟/,,,,(H)燕燕/,,(H)樊浩悦/,,
16:30,(F)全婧/(J)刘雅雯/(L)张卓妍/,,(H)樊浩悦/,,,,(I)贾保娟/,,
17:00,,(I)贾保娟/,(J)刘雅雯/,,(H)樊浩悦/,,(L)张卓妍/,,(F)全婧/
17:30,(J)康雪利/,,,,(F)全婧/(I)贾保娟/(J)刘雅雯/(L)张卓妍/,,,,
18:00,,,(J)康雪利/,,,,,,
18:30,,,,,(J)康雪利/,,,,
19:00,,,,,,,,,
19:30,,,,,,,,,
20:00,,,,,,,,,
20:30,,,,,,,,,
21:00,,,,,,,,,
