﻿,初步看诊,采血,B超,心电图,看结果,采血3次,胎心监护,糖耐量,留尿
7:00,(D)刘伟/(H)燕燕/,,,,,,,,
7:30,(A)蔡桂芬/(A)孟楠/(A)李鹤/(L)陈姝霞/(M)吴迪/,,(H)燕燕/,,,,,(D)刘伟/,
8:00,(I)邓帅/(K)赖宇辰/,(M)吴迪/,(A)蔡桂芬/(A)孟楠/,(A)李鹤/,,(D)刘伟/,(L)陈姝霞/,,
8:30,(C)程瑶/(D)王沙沙/(J)康雪利/(J)刘雅雯/(K)李洁/,(A)蔡桂芬/,(M)吴迪/,(A)孟楠/,(D)刘伟/(L)陈姝霞/,,(I)邓帅/(K)赖宇辰/,,
9:00,(B)韩玲玉/(D)马超/(F)李萌/,(A)孟楠/,(C)程瑶/(J)康雪利/(J)刘雅雯/,,(K)赖宇辰/,,(K)李洁/(M)吴迪/,(D)王沙沙/,
9:30,,(B)韩玲玉/(H)燕燕/,(A)李鹤/,(A)蔡桂芬/,(A)孟楠/(J)康雪利/(J)刘雅雯/(K)李洁/(M)吴迪/,(D)马超/,,,(F)李萌/
10:00,(C)李婕/(F)庄小娇/(H)樊浩悦/,(A)李鹤/(I)邓帅/,,,(A)蔡桂芬/(B)韩玲玉/(F)李萌/,,,,
10:30,(B)武静如/(M)黎薇/,(C)李婕/,(H)樊浩悦/,,(A)李鹤/(I)邓帅/,,,,(F)庄小娇/
11:00,(B)屈静雯/,(B)武静如/,,,(F)庄小娇/,(D)王沙沙/,(M)黎薇/,,
11:30,(B)侯力梦/,(B)屈静雯/(C)程瑶/,(C)李婕/,,(B)武静如/(D)王沙沙/,,(H)燕燕/,(D)马超/,
13:00,(D)刘筱君/(M)王沫若/,(B)侯力梦/(M)黎薇/,,,(B)屈静雯/(C)李婕/(C)程瑶/(D)马超/(H)燕燕/,,,,
13:30,(B)罗炼/(D)赵圆/(F)全婧/(I)Ding Jia Yi/,(H)樊浩悦/,(M)王沫若/,,(B)侯力梦/,(D)刘筱君/,,,
14:00,(J)张小敏/(J)蔡娜/,(B)罗炼/,(M)黎薇/,,,,(I)Ding Jia Yi/,(D)赵圆/,(F)全婧/
14:30,(A)罗婧/(D)田文静/(I)孙梦佳/(L)张卓妍/,,(J)张小敏/(J)蔡娜/,,(B)罗炼/(F)全婧/(M)黎薇/,(D)赵圆/,,,
15:00,(H)许淼/(I)贾保娟/(I)陈舒/(M)黄蕊/(M)崔丽娜/,(A)罗婧/(M)王沫若/,,,(D)赵圆/(J)张小敏/(J)蔡娜/,(D)田文静/,(I)孙梦佳/(L)张卓妍/,,
15:30,(A)张朔/(C)利莉/(H)陈梦/(I)何璇/,(H)许淼/(I)Ding Jia Yi/(I)陈舒/,,,(L)张卓妍/,,(H)樊浩悦/(I)贾保娟/(M)王沫若/(M)黄蕊/(M)崔丽娜/,(D)刘筱君/,
16:00,(E)王利利/(F)邹飞艳/(J)李晓/,(A)张朔/(I)何璇/,(C)利莉/,,(D)刘筱君/(H)樊浩悦/(I)Ding Jia Yi/(M)王沫若/,,(H)陈梦/(H)许淼/,,
16:30,(B)邵申子/(C)沈园/(D)金蔚薇/(G)张瀚文/(H)赵蕊/(L)孙蔷/,(E)王利利/(H)陈梦/,(H)许淼/(J)李晓/(M)崔丽娜/,(A)张朔/,,,,,(F)邹飞艳/
17:00,(B)董宇/(C)贺雪/,(B)邵申子/(C)利莉/(C)沈园/(G)张瀚文/(M)崔丽娜/,(H)赵蕊/,,(F)邹飞艳/(H)许淼/(J)李晓/,(D)金蔚薇/,(I)陈舒/(L)孙蔷/,(D)田文静/,
17:30,(H)王一博/,(B)董宇/(C)贺雪/(I)贾保娟/(I)孙梦佳/,(A)张朔/(E)王利利/(M)黄蕊/,(G)张瀚文/,(B)邵申子/(C)利莉/(D)田文静/(I)陈舒/(L)孙蔷/(M)崔丽娜/,,(I)何璇/,,
18:00,(I)于佳/(K)冯琳/,(M)黄蕊/,(C)沈园/(H)王一博/,,(A)张朔/(B)董宇/(E)王利利/(G)张瀚文/(I)贾保娟/(I)孙梦佳/(I)何璇/,,(H)赵蕊/,(D)金蔚薇/,
18:30,(I)刘岩/,(H)赵蕊/,(A)罗婧/(H)陈梦/,,(C)沈园/(D)金蔚薇/(M)黄蕊/,,(H)王一博/(I)于佳/(K)冯琳/,,
19:00,(B)安雪/(C)吴峻熙/(C)利莉/(K)宋婉秋/,(H)王一博/,(C)贺雪/,,(H)赵蕊/(H)陈梦/(K)冯琳/,,(I)刘岩/,,
19:30,(K)许加玉/,(B)安雪/(C)利莉/(I)于佳/(I)刘岩/,(C)吴峻熙/,,(C)贺雪/(H)王一博/,,(K)宋婉秋/,,
20:00,,(C)吴峻熙/,,,(B)安雪/(I)于佳/(I)刘岩/(K)宋婉秋/,,(K)许加玉/,,
20:30,,,(C)利莉/,(A)罗婧/,(C)吴峻熙/(K)许加玉/,,,,
21:00,,,,,(A)罗婧/(C)利莉/,,,,
