﻿,初步看诊,采血,B超,心电图,看结果,采血3次,胎心监护,糖耐量,留尿
7:00,(H)赵蕊/,,,,,,,,
7:30,(A)李鹤/(D)田文静/(D)王沙沙/(K)宋婉秋/,(H)赵蕊/,,,,,,,
8:00,(B)董宇/(B)安雪/(F)邹飞艳/,,,(A)李鹤/,,(D)田文静/,(K)宋婉秋/,(D)王沙沙/,
8:30,(D)刘筱君/(H)王一博/,(B)董宇/(B)安雪/,,,(K)宋婉秋/,,,,(F)邹飞艳/
9:00,(F)庄小娇/(H)樊浩悦/(I)邓帅/(M)黄蕊/,,,,(B)董宇/(B)安雪/(F)邹飞艳/,(D)刘筱君/,(H)王一博/,(D)田文静/,
9:30,(H)陈梦/(M)吴迪/,(A)李鹤/(M)黄蕊/,(H)樊浩悦/,,(D)田文静/,,(I)邓帅/,(D)刘筱君/,(F)庄小娇/
10:00,(L)孙蔷/(M)黎薇/,(H)陈梦/(M)吴迪/,(M)黄蕊/,,(D)刘筱君/(F)庄小娇/,(D)王沙沙/,,,
10:30,(A)蔡桂芬/(B)屈静雯/(C)利莉/(H)燕燕/(I)何璇/,(I)邓帅/,(A)李鹤/(H)赵蕊/,,(D)王沙沙/,,(L)孙蔷/(M)吴迪/(M)黎薇/,,
11:00,,(A)蔡桂芬/(B)屈静雯/(I)何璇/,(C)利莉/(H)王一博/,,(A)李鹤/(I)邓帅/(L)孙蔷/,,(H)樊浩悦/(H)燕燕/,,
11:30,(B)武静如/,(H)樊浩悦/(H)王一博/,(H)陈梦/(M)吴迪/,,(B)屈静雯/,,,,
13:00,(A)张朔/(B)罗炼/(D)马超/,(B)武静如/(C)利莉/,(A)蔡桂芬/(M)黎薇/,,(H)樊浩悦/(H)王一博/(M)吴迪/,,(H)赵蕊/,,
13:30,(C)程瑶/(G)张瀚文/,(B)罗炼/(M)黎薇/,(H)燕燕/,(A)张朔/,(B)武静如/(C)利莉/(H)赵蕊/,,(I)何璇/,(D)马超/,
14:00,(A)孟楠/(A)罗婧/,(C)程瑶/(G)张瀚文/(H)燕燕/,(A)张朔/,(A)蔡桂芬/,(B)罗炼/(I)何璇/(M)黎薇/,,,,
14:30,(F)李萌/(I)刘岩/(K)冯琳/(L)张卓妍/,(A)张朔/,(A)孟楠/(A)罗婧/,,(A)蔡桂芬/(H)燕燕/,,(H)陈梦/,,
15:00,(C)吴峻熙/(C)利莉/(I)Ding Jia Yi/(I)孙梦佳/(M)崔丽娜/,,,,(A)张朔/(H)陈梦/,,(I)刘岩/(K)冯琳/(L)张卓妍/,,(F)李萌/
15:30,(K)赖宇辰/,(C)利莉/(I)Ding Jia Yi/(I)孙梦佳/,(C)吴峻熙/(C)程瑶/,,(F)李萌/(K)冯琳/(L)张卓妍/,,(M)崔丽娜/,,
16:00,(C)沈园/,(C)吴峻熙/,,(G)张瀚文/,(C)程瑶/,(D)马超/,(K)赖宇辰/,,
16:30,(F)全婧/(I)贾保娟/(J)刘雅雯/(K)许加玉/(M)王沫若/,(A)孟楠/(I)刘岩/,(C)沈园/,(A)罗婧/,(C)吴峻熙/(D)马超/(G)张瀚文/(K)赖宇辰/,,,,
17:00,(B)韩玲玉/(J)康雪利/(J)蔡娜/,(A)罗婧/(M)王沫若/,(J)刘雅雯/,,(I)刘岩/,,(I)Ding Jia Yi/(I)贾保娟/(K)许加玉/(M)黄蕊/,,(F)全婧/
17:30,(C)贺雪/(D)金蔚薇/(I)陈舒/(J)李晓/,(B)韩玲玉/(C)沈园/,(C)利莉/(J)康雪利/(J)蔡娜/(M)王沫若/(M)崔丽娜/,,(A)罗婧/(F)全婧/(I)Ding Jia Yi/(J)刘雅雯/(K)许加玉/(M)黄蕊/,,(I)孙梦佳/,,
18:00,(C)李婕/(D)赵圆/(E)王利利/(H)许淼/(K)李洁/,,(C)贺雪/(J)李晓/,(A)孟楠/,(B)韩玲玉/(C)利莉/(C)沈园/(I)孙梦佳/(J)康雪利/(J)蔡娜/,,(I)陈舒/,(D)金蔚薇/,
18:30,(I)于佳/(L)陈姝霞/,(C)李婕/(M)崔丽娜/,(E)王利利/(H)许淼/,,(A)孟楠/(J)李晓/,(D)赵圆/,(K)李洁/(M)王沫若/,,
19:00,(B)侯力梦/(D)刘伟/(J)张小敏/,(C)贺雪/(H)许淼/(I)于佳/(I)贾保娟/,(C)李婕/,,(K)李洁/(M)王沫若/(M)崔丽娜/,,(L)陈姝霞/,,
19:30,(B)邵申子/,(B)侯力梦/(E)王利利/,(J)张小敏/,,(C)贺雪/(C)李婕/(I)贾保娟/(L)陈姝霞/,(D)金蔚薇/,,(D)刘伟/,
20:00,,(B)邵申子/,,,(B)侯力梦/(D)金蔚薇/(E)王利利/(J)张小敏/,(D)刘伟/,(I)于佳/,,
20:30,,(I)陈舒/,,,(B)邵申子/(D)刘伟/(I)于佳/,,(H)许淼/,(D)赵圆/,
21:00,,,,,(D)赵圆/(H)许淼/(I)陈舒/,,,,
