﻿,初步看诊,采血,B超,心电图,看结果,采血3次,胎心监护,糖耐量,留尿
7:00,(C)李婕/(C)沈园/,,,,,,,,
7:30,(A)张朔/(D)赵圆/(D)金蔚薇/(H)燕燕/(L)孙蔷/,(C)李婕/(C)沈园/,,,,,,,
8:00,(B)韩玲玉/(H)樊浩悦/(I)陈舒/(I)刘岩/(K)许加玉/,,(C)李婕/(C)沈园/(H)燕燕/,(A)张朔/,,(D)赵圆/,(L)孙蔷/,(D)金蔚薇/,
8:30,(A)罗婧/(B)屈静雯/(C)吴峻熙/(D)马超/(F)李萌/(G)张瀚文/(I)邓帅/(J)康雪利/(M)黄蕊/(M)吴迪/,(A)张朔/(B)韩玲玉/(H)燕燕/(I)刘岩/,,,(C)李婕/(C)沈园/(L)孙蔷/,(D)金蔚薇/,(H)樊浩悦/(I)陈舒/(K)许加玉/,(D)赵圆/,
9:00,(B)安雪/(D)田文静/,(B)屈静雯/(G)张瀚文/(H)樊浩悦/(I)邓帅/(I)陈舒/,(A)张朔/(C)吴峻熙/(J)康雪利/(M)黄蕊/(M)吴迪/,(A)罗婧/,(B)韩玲玉/(D)赵圆/(D)金蔚薇/(K)许加玉/,,(H)燕燕/(I)刘岩/,(D)马超/,(F)李萌/
9:30,(A)蔡桂芬/(C)贺雪/(C)利莉/(D)刘筱君/(F)邹飞艳/(K)赖宇辰/(K)李洁/(K)宋婉秋/,(A)罗婧/(B)安雪/(C)吴峻熙/(M)黄蕊/,(H)樊浩悦/,(G)张瀚文/,(A)张朔/(B)屈静雯/(F)李萌/(H)燕燕/(I)陈舒/(I)刘岩/(J)康雪利/,(D)田文静/(D)马超/,(I)邓帅/(M)吴迪/,,
10:00,(A)李鹤/,(C)贺雪/(M)吴迪/,(A)蔡桂芬/(A)罗婧/(C)利莉/,,(B)安雪/(C)吴峻熙/(D)马超/(G)张瀚文/(H)樊浩悦/(I)邓帅/,,(K)赖宇辰/(K)李洁/(K)宋婉秋/(M)黄蕊/,(D)田文静/(D)刘筱君/,(F)邹飞艳/
10:30,(C)程瑶/(F)全婧/(I)孙梦佳/(I)何璇/,(C)利莉/,(A)李鹤/(C)贺雪/,(A)蔡桂芬/,(A)罗婧/(D)田文静/(F)邹飞艳/(K)赖宇辰/(K)李洁/(K)宋婉秋/(M)黄蕊/(M)吴迪/,(D)刘筱君/,,,
11:00,(H)王一博/(I)贾保娟/(J)张小敏/,(A)蔡桂芬/(A)李鹤/(I)孙梦佳/(I)何璇/,(C)程瑶/,,(C)贺雪/(C)利莉/(D)刘筱君/,,,,(F)全婧/
11:30,(A)孟楠/(D)王沙沙/(H)赵蕊/(H)陈梦/(I)Ding Jia Yi/(M)黎薇/,(C)程瑶/(H)王一博/(I)贾保娟/,(J)张小敏/,(A)李鹤/,(A)蔡桂芬/(F)全婧/,,(I)孙梦佳/(I)何璇/,,
12:00,(B)董宇/(D)刘伟/(E)王利利/(I)于佳/,(H)赵蕊/,(A)孟楠/(M)黎薇/,,(A)李鹤/(C)程瑶/(I)孙梦佳/(I)何璇/(J)张小敏/,(D)王沙沙/,(H)陈梦/(H)王一博/(I)Ding Jia Yi/(I)贾保娟/,,
12:30,(B)罗炼/(H)许淼/,(B)董宇/(H)陈梦/(I)Ding Jia Yi/(I)于佳/,(E)王利利/(H)王一博/,(A)孟楠/,(I)贾保娟/,(D)刘伟/,(M)黎薇/,(D)王沙沙/,
13:00,(K)冯琳/,(A)孟楠/(B)罗炼/(E)王利利/(M)黎薇/,(H)陈梦/,,(B)董宇/(D)王沙沙/(H)王一博/(I)Ding Jia Yi/,,(H)许淼/(I)于佳/,(D)刘伟/,
13:30,(C)利莉/(F)庄小娇/(J)刘雅雯/(L)张卓妍/,,(H)许淼/,,(A)孟楠/(B)罗炼/(D)刘伟/(E)王利利/(H)陈梦/(I)于佳/(M)黎薇/,,(K)冯琳/,,
14:00,(M)王沫若/,(C)利莉/(H)许淼/,(J)刘雅雯/,,(K)冯琳/,,(H)赵蕊/(L)张卓妍/,,(F)庄小娇/
14:30,(B)侯力梦/(B)武静如/(M)崔丽娜/,(M)王沫若/,(C)利莉/,,(F)庄小娇/(H)许淼/(J)刘雅雯/(L)张卓妍/,,,,
15:00,(J)蔡娜/(J)李晓/(L)陈姝霞/,(B)侯力梦/(B)武静如/(M)崔丽娜/,,,(C)利莉/,,(M)王沫若/,,
15:30,,,(J)蔡娜/(J)李晓/(M)王沫若/,,(B)侯力梦/(B)武静如/,,(L)陈姝霞/(M)崔丽娜/,,
16:00,,,(M)崔丽娜/,,(J)蔡娜/(J)李晓/(L)陈姝霞/(M)王沫若/,,,,
16:30,,,(H)赵蕊/,,(M)崔丽娜/,,,,
17:00,,,,,(H)赵蕊/,,,,
17:30,,,,,,,,,
18:00,(B)邵申子/,,,,,,,,
18:30,,(B)邵申子/,,,,,,,
19:00,,,,,(B)邵申子/,,,,
19:30,,,,,,,,,
20:00,,,,,,,,,
20:30,,,,,,,,,
21:00,,,,,,,,,
