﻿,初步看诊,采血,B超,心电图,看结果,采血3次,胎心监护,糖耐量,留尿
7:00,(A)蔡桂芬/(A)张朔/(C)程瑶/(I)孙梦佳/,,,,,,,,
7:30,(D)田文静/(D)赵圆/(H)樊浩悦/(H)王一博/(J)李晓/(J)刘雅雯/(L)孙蔷/(M)崔丽娜/(M)吴迪/,,(A)蔡桂芬/(A)张朔/(C)程瑶/,,,,(I)孙梦佳/,,
8:00,(F)全婧/(J)康雪利/,(A)张朔/(C)程瑶/(H)樊浩悦/,(H)王一博/(J)李晓/(J)刘雅雯/(M)崔丽娜/(M)吴迪/,,,(D)赵圆/,(L)孙蔷/,(D)田文静/,
8:30,(C)吴峻熙/(C)利莉/(D)刘筱君/(I)邓帅/(L)陈姝霞/,(H)王一博/(I)孙梦佳/,(J)康雪利/,,(C)程瑶/(J)李晓/(J)刘雅雯/(L)孙蔷/,(D)田文静/,(M)崔丽娜/,(D)赵圆/,(F)全婧/
9:00,(A)孟楠/(B)侯力梦/(D)金蔚薇/(D)马超/(F)邹飞艳/(K)赖宇辰/,(A)蔡桂芬/(C)利莉/(M)崔丽娜/,(C)吴峻熙/,,(D)田文静/(D)赵圆/(F)全婧/(I)孙梦佳/(J)康雪利/,(D)刘筱君/,(H)樊浩悦/(H)王一博/(I)邓帅/(L)陈姝霞/,,
9:30,(A)罗婧/(A)李鹤/(B)董宇/(B)邵申子/(C)沈园/(E)王利利/(I)刘岩/,(A)孟楠/(B)侯力梦/,(C)利莉/,,(H)王一博/(L)陈姝霞/(M)崔丽娜/,(D)金蔚薇/(D)马超/,(K)赖宇辰/(M)吴迪/,,(F)邹飞艳/
10:00,(B)安雪/(D)刘伟/(H)赵蕊/(H)陈梦/(J)蔡娜/(M)王沫若/,(A)李鹤/(B)董宇/(B)邵申子/(C)吴峻熙/,(C)沈园/(E)王利利/(H)樊浩悦/,(A)罗婧/,(B)侯力梦/(C)利莉/(F)邹飞艳/(K)赖宇辰/,,(I)刘岩/,(D)刘筱君/(D)马超/,
10:30,(C)贺雪/(I)何璇/(K)冯琳/,(B)安雪/(C)沈园/(E)王利利/(I)邓帅/,(H)赵蕊/(J)蔡娜/,(A)张朔/(A)李鹤/,(B)董宇/(B)邵申子/(C)吴峻熙/(D)刘筱君/(D)马超/(H)樊浩悦/,,(H)陈梦/(M)王沫若/,(D)刘伟/,
11:00,(C)利莉/(H)燕燕/(K)许加玉/,(A)罗婧/(I)刘岩/(I)何璇/,(C)贺雪/,(A)蔡桂芬/(A)孟楠/,(A)张朔/(B)安雪/(C)沈园/(E)王利利/(I)邓帅/(J)蔡娜/,,(K)冯琳/,(D)金蔚薇/,
11:30,(I)贾保娟/(K)宋婉秋/(M)黄蕊/(M)黎薇/,(C)贺雪/(M)王沫若/(M)吴迪/,(A)孟楠/(A)罗婧/(C)利莉/(H)陈梦/(H)燕燕/,,(A)蔡桂芬/(D)金蔚薇/(I)刘岩/(K)冯琳/,(D)刘伟/,(H)赵蕊/(K)许加玉/,,
12:00,(D)王沙沙/,,(A)李鹤/,,(A)孟楠/(A)罗婧/(C)贺雪/(D)刘伟/(K)许加玉/(M)吴迪/,,(H)燕燕/(I)贾保娟/(K)宋婉秋/(M)黄蕊/(M)黎薇/,,
12:30,,(C)利莉/(H)赵蕊/(M)黎薇/,,,(A)李鹤/(K)宋婉秋/,,(I)何璇/,(D)王沙沙/,
13:00,(C)李婕/(F)李萌/(I)陈舒/(K)李洁/,(H)燕燕/(I)贾保娟/,(M)王沫若/,,(C)利莉/(H)赵蕊/(I)何璇/,(D)王沙沙/,,,
13:30,(B)韩玲玉/(B)罗炼/(G)张瀚文/,(C)李婕/(I)陈舒/,(M)黄蕊/,,(D)王沙沙/(H)燕燕/(I)贾保娟/(M)王沫若/,,(K)李洁/,,(F)李萌/
14:00,(B)屈静雯/(H)许淼/(I)Ding Jia Yi/,(B)韩玲玉/(B)罗炼/,,(G)张瀚文/,(F)李萌/(K)李洁/,,,,
14:30,(I)于佳/,(B)屈静雯/,(H)许淼/,,(B)韩玲玉/(B)罗炼/,,(I)Ding Jia Yi/,,
15:00,,,(M)黎薇/,,(B)屈静雯/,,(I)于佳/,,
15:30,,,,,(M)黎薇/,,,,
16:00,,,,,,,,,
16:30,,,,,,,,,
17:00,,,,,,,,,
17:30,,,,,,,(H)许淼/,,
18:00,(B)武静如/,,,,,,,,
18:30,,(B)武静如/,,,,,,,
19:00,(J)张小敏/,,,,(B)武静如/,,,,
19:30,(F)庄小娇/(L)张卓妍/,(G)张瀚文/(H)陈梦/(I)Ding Jia Yi/,(J)张小敏/,,,,,,
20:00,,(H)许淼/(I)于佳/(M)黄蕊/,(C)李婕/,,(G)张瀚文/(H)陈梦/(I)Ding Jia Yi/(J)张小敏/,,(L)张卓妍/,,(F)庄小娇/
20:30,,,,,(C)李婕/(F)庄小娇/(H)许淼/(I)于佳/(L)张卓妍/(M)黄蕊/,,(I)陈舒/,,
21:00,,,,,(I)陈舒/,,,,
