﻿,初步看诊,采血,B超,心电图,看结果,采血3次,胎心监护,糖耐量,留尿
7:00,(I)贾保娟/,,,,,,,,
7:30,(B)韩玲玉/(H)陈梦/(K)李洁/,,,,,,(I)贾保娟/,,
8:00,(A)罗婧/(J)李晓/(M)黎薇/,(B)韩玲玉/(I)贾保娟/,,,,,(H)陈梦/(K)李洁/,,
8:30,(B)武静如/(B)安雪/(C)利莉/(H)王一博/(I)刘岩/(K)宋婉秋/,(A)罗婧/(M)黎薇/,(H)陈梦/(J)李晓/,,(B)韩玲玉/(I)贾保娟/(K)李洁/,,,,
9:00,(C)吴峻熙/(F)李萌/(I)Ding Jia Yi/(I)陈舒/(K)赖宇辰/(M)崔丽娜/,(B)武静如/(B)安雪/(H)陈梦/(H)王一博/(I)刘岩/,(C)利莉/(M)黎薇/,(A)罗婧/,(J)李晓/,,(K)宋婉秋/,,
9:30,(B)屈静雯/(C)贺雪/(C)李婕/(D)田文静/(D)赵圆/(D)马超/(H)许淼/(M)王沫若/,(C)利莉/(I)陈舒/,(A)罗婧/(C)吴峻熙/,,(B)武静如/(B)安雪/(H)陈梦/(K)宋婉秋/,,(H)王一博/(I)Ding Jia Yi/(I)刘岩/(K)赖宇辰/(M)崔丽娜/(M)黎薇/,,(F)李萌/
10:00,(A)李鹤/(B)罗炼/(D)王沙沙/(H)樊浩悦/(J)康雪利/(K)冯琳/(M)黄蕊/,(B)屈静雯/(C)吴峻熙/(C)贺雪/(H)许淼/(I)Ding Jia Yi/(M)王沫若/(M)崔丽娜/,(C)李婕/(H)王一博/,,(A)罗婧/(C)利莉/(F)李萌/(I)刘岩/(K)赖宇辰/(M)黎薇/,(D)马超/,(I)陈舒/,(D)田文静/(D)赵圆/,
10:30,(A)张朔/(C)沈园/(F)邹飞艳/(H)燕燕/(I)邓帅/(I)何璇/(J)刘雅雯/,(A)李鹤/(B)罗炼/(C)李婕/,(C)贺雪/(H)樊浩悦/(H)许淼/(J)康雪利/(M)黄蕊/(M)崔丽娜/,,(B)屈静雯/(C)吴峻熙/(H)王一博/(I)Ding Jia Yi/(I)陈舒/,(D)田文静/(D)赵圆/,(K)冯琳/(M)王沫若/,(D)王沙沙/(D)马超/,
11:00,(A)蔡桂芬/(E)王利利/(F)全婧/,(A)张朔/(C)沈园/(H)樊浩悦/(I)邓帅/,(A)李鹤/(H)燕燕/(J)刘雅雯/(M)王沫若/,,(B)罗炼/(C)贺雪/(C)李婕/(D)田文静/(D)赵圆/(D)马超/(J)康雪利/(K)冯琳/(M)崔丽娜/,(D)王沙沙/,(H)许淼/(I)何璇/(M)黄蕊/,,(F)邹飞艳/
11:30,(K)许加玉/,(A)蔡桂芬/(E)王利利/(I)何璇/(M)黄蕊/,(A)张朔/(C)沈园/,(A)李鹤/,(D)王沙沙/(F)邹飞艳/(H)许淼/(J)刘雅雯/(M)王沫若/,,(H)樊浩悦/(H)燕燕/(I)邓帅/,,(F)全婧/
12:00,(C)程瑶/(D)刘伟/(H)赵蕊/,(H)燕燕/,(A)蔡桂芬/(E)王利利/,(A)张朔/,(A)李鹤/(C)沈园/(F)全婧/(H)樊浩悦/(I)邓帅/(I)何璇/(M)黄蕊/,,(K)许加玉/,,
12:30,(B)董宇/(I)孙梦佳/(J)张小敏/(J)蔡娜/,(H)赵蕊/,(C)程瑶/,(A)蔡桂芬/,(A)张朔/(E)王利利/(H)燕燕/(K)许加玉/,(D)刘伟/,,,
13:00,(D)刘筱君/(L)陈姝霞/,(B)董宇/(C)程瑶/(I)孙梦佳/,(J)张小敏/(J)蔡娜/,,(A)蔡桂芬/,,(H)赵蕊/,(D)刘伟/,
13:30,(A)孟楠/(L)孙蔷/(M)吴迪/,,(H)赵蕊/,,(B)董宇/(C)程瑶/(D)刘伟/(J)张小敏/(J)蔡娜/,(D)刘筱君/,(I)孙梦佳/(L)陈姝霞/,,
14:00,(F)庄小娇/(G)张瀚文/,(M)吴迪/,(A)孟楠/,,(H)赵蕊/(I)孙梦佳/(L)陈姝霞/,,(L)孙蔷/,(D)刘筱君/,
14:30,(B)邵申子/,,,(G)张瀚文/,(D)刘筱君/(L)孙蔷/,,(M)吴迪/,,(F)庄小娇/
15:00,(B)侯力梦/,(B)邵申子/(G)张瀚文/,(M)吴迪/,,(F)庄小娇/,,,,
15:30,,(B)侯力梦/,,,(B)邵申子/(G)张瀚文/(M)吴迪/,,,,
16:00,,,,,(B)侯力梦/,,,,
16:30,,,,,,,,,
17:00,,,,(A)孟楠/,,,,,
17:30,,,,,,,,,
18:00,,,,,,,,,
18:30,(D)金蔚薇/(I)于佳/,(A)孟楠/,,,,,,,
19:00,,(I)于佳/,,,(A)孟楠/,,,(D)金蔚薇/,
19:30,(C)利莉/(L)张卓妍/,,,,,(D)金蔚薇/,(I)于佳/,,
20:00,,,(C)利莉/,,(D)金蔚薇/(I)于佳/,,(L)张卓妍/,,
20:30,,(C)利莉/,,,(L)张卓妍/,,,,
21:00,,,,,(C)利莉/,,,,
