﻿,初步看诊,采血,B超,心电图,看结果,采血3次,胎心监护,糖耐量,留尿
7:00,(A)李鹤/(C)吴峻熙/,,,,,,,,
7:30,(B)安雪/(B)邵申子/(M)崔丽娜/,(A)李鹤/,(C)吴峻熙/,,,,,,
8:00,(A)罗婧/(C)利莉/(C)程瑶/(H)陈梦/(I)贾保娟/(L)陈姝霞/,(B)安雪/(B)邵申子/(C)吴峻熙/,(A)李鹤/(M)崔丽娜/,,,,,,
8:30,(A)蔡桂芬/(A)张朔/(B)董宇/(D)王沙沙/(E)王利利/(G)张瀚文/(H)王一博/(L)孙蔷/,(C)程瑶/(M)崔丽娜/,(C)利莉/,(A)罗婧/,(B)安雪/(B)邵申子/(C)吴峻熙/,,(H)陈梦/(I)贾保娟/(L)陈姝霞/,,
9:00,(C)李婕/(D)赵圆/(D)马超/(H)樊浩悦/(J)康雪利/(K)冯琳/,(B)董宇/(C)利莉/(E)王利利/(H)陈梦/(I)贾保娟/,(A)蔡桂芬/(A)张朔/(C)程瑶/,(G)张瀚文/,(L)陈姝霞/,,(H)王一博/(L)孙蔷/(M)崔丽娜/,(D)王沙沙/,
9:30,(F)全婧/(M)吴迪/(M)黎薇/,(A)蔡桂芬/(C)李婕/(G)张瀚文/(H)樊浩悦/(H)王一博/,(E)王利利/(H)陈梦/(J)康雪利/,(A)张朔/,(B)董宇/(C)利莉/(C)程瑶/(I)贾保娟/(L)孙蔷/(M)崔丽娜/,(D)赵圆/(D)王沙沙/(D)马超/,(K)冯琳/,,
10:00,(C)沈园/(D)刘筱君/(D)刘伟/(K)赖宇辰/,(A)罗婧/(A)张朔/(M)吴迪/,(C)李婕/(H)樊浩悦/(H)王一博/(M)黎薇/,(A)蔡桂芬/(A)李鹤/,(D)王沙沙/(E)王利利/(G)张瀚文/(H)陈梦/(J)康雪利/(K)冯琳/,,,(D)马超/,(F)全婧/
10:30,(B)侯力梦/(I)Ding Jia Yi/(J)蔡娜/,(C)沈园/,(A)罗婧/,,(A)蔡桂芬/(A)张朔/(A)李鹤/(C)李婕/(D)马超/(F)全婧/(H)王一博/,,(H)樊浩悦/(K)赖宇辰/(M)吴迪/,(D)刘筱君/(D)刘伟/,
11:00,(A)孟楠/(C)贺雪/(D)田文静/(K)李洁/(K)宋婉秋/(M)王沫若/,(B)侯力梦/,(C)沈园/(J)蔡娜/,,(A)罗婧/(H)樊浩悦/(K)赖宇辰/,(D)刘筱君/(D)刘伟/,(I)Ding Jia Yi/,(D)赵圆/,
11:30,(H)赵蕊/(H)许淼/(I)孙梦佳/(I)刘岩/(J)刘雅雯/,(C)贺雪/(I)Ding Jia Yi/(M)王沫若/,(M)吴迪/,(A)孟楠/,(B)侯力梦/(C)沈园/(D)赵圆/(D)刘筱君/(D)刘伟/(J)蔡娜/,,(K)李洁/(K)宋婉秋/,(D)田文静/,
12:00,(B)罗炼/(L)张卓妍/,(I)刘岩/(M)黎薇/,(A)孟楠/(C)贺雪/(J)刘雅雯/(M)王沫若/,,(I)Ding Jia Yi/(K)李洁/(K)宋婉秋/(M)吴迪/,(D)田文静/,(H)赵蕊/(H)许淼/(I)孙梦佳/,,
12:30,(B)韩玲玉/(C)利莉/(I)何璇/(J)李晓/(M)黄蕊/,(A)孟楠/(B)罗炼/(H)许淼/(I)孙梦佳/,(H)赵蕊/,,(C)贺雪/(D)田文静/(J)刘雅雯/,,(I)刘岩/(L)张卓妍/(M)王沫若/(M)黎薇/,,
13:00,(F)李萌/(H)燕燕/,(B)韩玲玉/(H)赵蕊/(M)黄蕊/,(C)利莉/(H)许淼/(J)李晓/,,(A)孟楠/(B)罗炼/(I)孙梦佳/(I)刘岩/(L)张卓妍/(M)王沫若/(M)黎薇/,,(I)何璇/,,
13:30,(B)武静如/(I)邓帅/(K)许加玉/,(C)利莉/(H)燕燕/(I)何璇/,(M)黄蕊/,,(B)韩玲玉/(H)赵蕊/(H)许淼/(J)李晓/,,,,(F)李萌/
14:00,(F)邹飞艳/,(B)武静如/(I)邓帅/,,,(C)利莉/(F)李萌/(I)何璇/,,(H)燕燕/(K)许加玉/(M)黄蕊/,,
14:30,(I)于佳/,,(H)燕燕/,,(B)武静如/(K)许加玉/(M)黄蕊/,,,,(F)邹飞艳/
15:00,(F)庄小娇/(I)陈舒/,(I)于佳/,,,(F)邹飞艳/(H)燕燕/,,,,
15:30,,(I)陈舒/,,,,,(I)于佳/,,(F)庄小娇/
16:00,,,,,(F)庄小娇/(I)于佳/,,(I)陈舒/,,
16:30,,,,,(I)陈舒/,,,,
17:00,(B)屈静雯/,,,,,,,,
17:30,(D)金蔚薇/,(B)屈静雯/,,,,,,,
18:00,,,,,(B)屈静雯/,(D)金蔚薇/,,,
18:30,,,,,,,,(D)金蔚薇/,
19:00,,,,,(D)金蔚薇/,,,,
19:30,(J)张小敏/,,,,,,,,
20:00,,,(J)张小敏/,,,,(I)邓帅/,,
20:30,,,,,(I)邓帅/(J)张小敏/,,,,
21:00,,,,,,,,,
